id,account_number,occupation,email,address_id,created_at
1,155938,Outros,mariaceciliaazevedo042@example.com,1,"2021-04-01 02:30:00"
2,747007,Corretor,ananunes3@example.com,2,"2021-04-01 02:00:00"
3,208404,Analista,luizfernandovieira@example.com,3,"2021-04-01 11:30:00"
4,66402,Investidor,gabriellynascimento6@example.com,4,"2021-04-01 14:30:00"
5,277012,Outros,aliciagoncalves7@example.com,5,"2021-04-02 15:30:00"
6,228213,Analista,arthurlopes@example.com,6,"2021-04-02 05:00:00"
7,108762,Analista,joaquimramos3@example.com,7,"2021-04-02 12:30:00"
8,309054,Desenvolvedor,mariaalves2@example.com,8,"2021-04-02 15:00:00"
9,89836,Investidor,larissafogaca9@example.com,9,"2021-04-02 15:30:00"
10,343595,Analista,daviluizmelo@example.com,10,"2021-04-02 03:30:00"
11,760897,Desenvolvedor,rafaelcavalcanti9@example.com,11,"2021-04-03 14:30:00"
12,10621,Investidor,luizaporto12@example.com,12,"2021-04-03 13:30:00"
13,222177,Investidor,isaacsilva34@example.com,13,"2021-04-03 06:00:00"
14,454867,Outros,pedrofreitas@example.com,14,"2021-04-03 15:00:00"
15,842594,Investidor,enricovieira5@example.com,15,"2021-04-03 17:00:00"
16,63383,Outros,theoazevedo0@example.com,16,"2021-04-04 07:30:00"
17,81331,Analista,carolinasouza75@example.com,17,"2021-04-04 14:00:00"
18,871021,Investidor,theodias242@example.com,18,"2021-04-04 20:30:00"
19,803613,Desenvolvedor,mariasophiaalmeida@example.com,19,"2021-04-04 03:00:00"
20,66561,Outros,henriquerocha38@example.com,20,"2021-04-04 04:00:00"
21,422360,Analista,luizgustavobarros@example.com,21,"2021-04-04 21:00:00"
22,583097,Autonomo,levifogaca68@example.com,22,"2021-04-04 13:30:00"
23,857149,Analista,mariajulialima38@example.com,23,"2021-04-05 02:00:00"
24,418279,Analista,pedrohenriquepereira@example.com,24,"2021-04-05 21:00:00"
25,106377,Corretor,emanuellaazevedo3@example.com,25,"2021-04-05 03:30:00"
26,416756,Analista,enzovieira@example.com,26,"2021-04-05 13:00:00"
27,106463,Outros,laviniasales1524@example.com,27,"2021-04-05 06:00:00"
28,688913,Analista,eloahpires2@example.com,28,"2021-04-05 02:30:00"
29,995447,Desenvolvedor,aliciacardoso@example.com,29,"2021-04-05 15:00:00"
30,59428,Investidor,sabrinadamota07@example.com,30,"2021-04-05 21:30:00"
31,253345,Corretor,mariaclaracorreia@example.com,31,"2021-04-05 21:30:00"
32,832097,Autonomo,cauamonteiro@example.com,32,"2021-04-06 18:00:00"
33,756365,Investidor,isadoraramos@example.com,33,"2021-04-06 22:00:00"
34,97652,Corretor,anthonynovaes@example.com,34,"2021-04-06 20:00:00"
35,336266,Corretor,joaoguilhermecarvalho6@example.com,35,"2021-04-06 17:00:00"
36,668093,Desenvolvedor,emanuellapeixoto93157@example.com,36,"2021-04-07 13:30:00"
37,53565,Analista,benjaminfernandes@example.com,37,"2021-04-07 02:00:00"
38,567301,Desenvolvedor,joaoalves7@example.com,38,"2021-04-07 09:30:00"
39,933909,Desenvolvedor,sophiapires21@example.com,39,"2021-04-07 01:30:00"
40,806018,Desenvolvedor,vicentealmeida@example.com,40,"2021-04-07 20:30:00"
41,936686,Analista,alexandrenascimento4@example.com,41,"2021-04-07 07:00:00"
42,384178,Corretor,mirellapereira0@example.com,42,"2021-04-07 20:00:00"
43,285796,Outros,maitecorreia4@example.com,43,"2021-04-07 10:00:00"
44,356542,Analista,marcosviniciuspeixoto36@example.com,44,"2021-04-08 11:00:00"
45,391468,Analista,erickdamota@example.com,45,"2021-04-08 09:30:00"
46,565050,Outros,fernandonascimento@example.com,46,"2021-04-08 18:30:00"
47,731901,Corretor,stellanunes@example.com,47,"2021-04-08 06:00:00"
48,311410,Outros,anajuliateixeira@example.com,48,"2021-04-08 16:00:00"
49,743167,Analista,joaopedrocarvalho0@example.com,49,"2021-04-08 20:30:00"
50,221895,Corretor,fernandopeixoto@example.com,50,"2021-04-08 08:00:00"
51,973971,Outros,daviluccacaldeira11@example.com,51,"2021-04-08 22:30:00"
52,900180,Corretor,larabarbosa9@example.com,52,"2021-04-08 02:30:00"
53,405024,Outros,igorsouza44@example.com,53,"2021-04-08 16:30:00"
54,351814,Analista,mariaalicesouza0@example.com,54,"2021-04-08 01:30:00"
55,258906,Desenvolvedor,gabrieldasneves@example.com,55,"2021-04-08 11:00:00"
56,711261,Desenvolvedor,isadoranunes@example.com,56,"2021-04-08 11:00:00"
57,693982,Desenvolvedor,erickgoncalves17@example.com,57,"2021-04-08 10:30:00"
58,127030,Autonomo,clarafogaca@example.com,58,"2021-04-08 19:00:00"
59,459588,Autonomo,enzogabrielmoreira@example.com,59,"2021-04-08 06:30:00"
60,595117,Desenvolvedor,helenadarosa0@example.com,60,"2021-04-08 21:30:00"
61,69506,Analista,laurapires@example.com,61,"2021-04-08 11:00:00"
62,201375,Desenvolvedor,otavioalves0@example.com,62,"2021-04-09 06:30:00"
63,120552,Analista,diogoporto2@example.com,63,"2021-04-09 09:00:00"
64,83126,Analista,anthonydapaz6@example.com,64,"2021-04-09 08:00:00"
65,487100,Corretor,bernardoporto@example.com,65,"2021-04-09 06:30:00"
66,399562,Autonomo,mariasophiadarosa665@example.com,66,"2021-04-09 22:30:00"
67,170233,Corretor,sabrinasilveira@example.com,67,"2021-04-09 03:00:00"
68,549474,Outros,stellacastro875@example.com,68,"2021-04-10 14:00:00"
69,250546,Investidor,giovannaaragao0@example.com,69,"2021-04-10 10:00:00"
70,859316,Analista,lauracunha@example.com,70,"2021-04-10 22:00:00"
71,494250,Analista,theopinto@example.com,71,"2021-04-10 17:00:00"
72,364913,Desenvolvedor,viniciusbarbosa@example.com,72,"2021-04-10 15:00:00"
73,123925,Corretor,enzogabrieldamota@example.com,73,"2021-04-10 14:00:00"
74,989633,Desenvolvedor,agathacarvalho@example.com,74,"2021-04-10 16:00:00"
75,569320,Outros,isiscarvalho400@example.com,75,"2021-04-10 17:00:00"
76,963739,Outros,guilhermeazevedo5@example.com,76,"2021-04-10 18:30:00"
77,951482,Investidor,valentinafarias86@example.com,77,"2021-04-10 09:30:00"
78,720851,Investidor,gabriellymelo8@example.com,78,"2021-04-10 21:30:00"
79,377206,Corretor,melissadacruz@example.com,79,"2021-04-10 05:00:00"
80,364042,Desenvolvedor,mariajuliapires@example.com,80,"2021-04-10 01:30:00"
81,832818,Corretor,mariavitoriamartins@example.com,81,"2021-04-11 07:30:00"
82,227434,Investidor,stephanyviana58@example.com,82,"2021-04-11 01:30:00"
83,738228,Analista,marialuizacaldeira0@example.com,83,"2021-04-11 12:00:00"
84,355517,Corretor,danielalopes@example.com,84,"2021-04-11 14:00:00"
85,525506,Analista,joaomiguelcastro@example.com,85,"2021-04-11 18:00:00"
86,179267,Corretor,enricomartins@example.com,86,"2021-04-11 15:30:00"
87,850733,Analista,enzoazevedo0@example.com,87,"2021-04-11 13:30:00"
88,951518,Corretor,caiofernandes04@example.com,88,"2021-04-11 08:00:00"
89,787526,Analista,pedrodacruz6@example.com,89,"2021-04-12 15:00:00"
90,56293,Autonomo,mariafernandalopes38@example.com,90,"2021-04-12 12:00:00"
91,536934,Desenvolvedor,emanuellysilveira8@example.com,91,"2021-04-12 05:30:00"
92,812305,Desenvolvedor,antoniopinto6@example.com,92,"2021-04-12 12:00:00"
93,54143,Desenvolvedor,juliaalmeida32505@example.com,93,"2021-04-12 11:00:00"
94,355091,Corretor,marianadias@example.com,94,"2021-04-12 08:30:00"
95,466439,Corretor,marcosviniciuscarvalho3@example.com,95,"2021-04-12 13:00:00"
96,19500,Analista,luizotaviomelo3@example.com,6,"2021-04-12 15:00:00"
97,627039,Corretor,joaovitorferreira@example.com,96,"2021-04-12 12:30:00"
98,847948,Desenvolvedor,lorenabarbosa313@example.com,97,"2021-04-12 05:00:00"
99,76284,Desenvolvedor,caiogoncalves4@example.com,98,"2021-04-12 04:00:00"
100,34926,Desenvolvedor,diegodarosa9103@example.com,99,"2021-04-12 09:00:00"
101,27986,Outros,carloseduardodaconceicao9@example.com,100,"2021-04-13 18:30:00"
102,164397,Analista,carolinecarvalho7@example.com,101,"2021-04-13 21:00:00"
103,808361,Autonomo,marianacosta835@example.com,102,"2021-04-13 17:30:00"
104,74708,Desenvolvedor,anajuliacampos@example.com,103,"2021-04-13 13:30:00"
105,171921,Outros,joanacardoso@example.com,104,"2021-04-13 07:00:00"
106,970223,Analista,andrecavalcanti@example.com,105,"2021-04-13 09:30:00"
107,742136,Outros,carloseduardodarocha842@example.com,106,"2021-04-13 16:00:00"
108,273956,Desenvolvedor,luizmigueloliveira2@example.com,107,"2021-04-13 19:30:00"
109,286852,Desenvolvedor,alanacastro605@example.com,108,"2021-04-13 06:30:00"
110,453443,Analista,sofiaviana1@example.com,109,"2021-04-13 08:30:00"
111,950696,Desenvolvedor,juliasantos@example.com,110,"2021-04-13 02:30:00"
112,382798,Analista,emanuellyalmeida@example.com,111,"2021-04-14 01:00:00"
113,279198,Desenvolvedor,laviniagoncalves5@example.com,112,"2021-04-14 06:30:00"
114,946299,Analista,isadoradaconceicao@example.com,113,"2021-04-14 08:00:00"
115,317265,Analista,enzogabrielcorreia8@example.com,114,"2021-04-14 19:30:00"
116,929553,Outros,daviluizfreitas21@example.com,76,"2021-04-14 05:00:00"
117,839209,Corretor,luizfernandodarosa6@example.com,115,"2021-04-14 13:00:00"
118,477796,Autonomo,raulmendes4108@example.com,116,"2021-04-14 19:30:00"
119,91378,Investidor,sophiacampos@example.com,41,"2021-04-14 15:30:00"
120,689627,Corretor,mariavitoriacampos@example.com,117,"2021-04-14 19:00:00"
121,127192,Investidor,isabellydacosta5@example.com,118,"2021-04-14 21:00:00"
122,286585,Corretor,lucasrezende@example.com,119,"2021-04-14 18:30:00"
123,333647,Corretor,eduardapinto13@example.com,120,"2021-04-15 16:00:00"
124,159969,Desenvolvedor,juliamoura4@example.com,121,"2021-04-15 21:30:00"
125,186285,Analista,vitorhugocastro5@example.com,122,"2021-04-15 20:30:00"
126,830539,Analista,renancavalcanti@example.com,123,"2021-04-15 21:00:00"
127,647427,Corretor,davilucasrezende@example.com,124,"2021-04-15 14:00:00"
128,988259,Corretor,benjaminpereira4@example.com,125,"2021-04-15 03:30:00"
129,457062,Corretor,ninaribeiro3@example.com,126,"2021-04-15 08:30:00"
130,934510,Corretor,giovannacosta732@example.com,127,"2021-04-15 16:30:00"
131,7451,Corretor,viniciuscunha15@example.com,128,"2021-04-15 03:00:00"
132,31683,Outros,enzogabrielcastro09@example.com,36,"2021-04-15 15:00:00"
133,554806,Analista,isabellyaraujo@example.com,129,"2021-04-15 04:30:00"
134,830098,Analista,thalesaragao@example.com,130,"2021-04-15 12:00:00"
135,21136,Outros,biancadacosta306@example.com,131,"2021-04-15 02:30:00"
136,183498,Corretor,elisasilva9@example.com,132,"2021-04-15 11:00:00"
137,582610,Analista,heloisafogaca60@example.com,133,"2021-04-15 14:00:00"
138,261886,Outros,samuelcardoso8@example.com,134,"2021-04-15 10:00:00"
139,927870,Investidor,thomaslima639@example.com,135,"2021-04-15 14:30:00"
140,478955,Desenvolvedor,calebedacruz@example.com,136,"2021-04-16 23:00:00"
141,33770,Autonomo,pedromigueloliveira4@example.com,137,"2021-04-16 09:30:00"
142,304503,Analista,mirellasilveira3@example.com,138,"2021-04-16 06:30:00"
143,604549,Analista,davifarias@example.com,139,"2021-04-16 11:30:00"
144,139437,Desenvolvedor,cauacarvalho7@example.com,140,"2021-04-16 22:00:00"
145,534723,Desenvolvedor,marinamartins5@example.com,141,"2021-04-16 06:00:00"
146,356405,Autonomo,joaogabrielcastro8037@example.com,142,"2021-04-16 19:30:00"
147,654031,Outros,lorenasilveira2362@example.com,143,"2021-04-16 03:00:00"
148,112373,Desenvolvedor,mariasophiafarias5@example.com,144,"2021-04-16 18:30:00"
149,161214,Corretor,mariaceciliaoliveira2@example.com,145,"2021-04-16 21:30:00"
150,710263,Analista,pedrohenriquemelo@example.com,89,"2021-04-16 16:00:00"
151,510903,Analista,ryangomes965@example.com,146,"2021-04-16 03:00:00"
152,630734,Desenvolvedor,joaoguilhermefogaca1@example.com,147,"2021-04-16 20:30:00"
153,494389,Corretor,barbaradaconceicao@example.com,148,"2021-04-16 13:00:00"
154,215038,Analista,pedrolucaspeixoto@example.com,149,"2021-04-16 14:30:00"
155,321500,Analista,isadorasouza@example.com,150,"2021-04-16 06:00:00"
156,325492,Corretor,enricocavalcanti83@example.com,20,"2021-04-16 19:00:00"
157,780206,Analista,matheusteixeira@example.com,151,"2021-04-17 10:00:00"
158,104291,Corretor,luizfelipecavalcanti77@example.com,152,"2021-04-17 01:00:00"
159,691228,Desenvolvedor,valentinamonteiro@example.com,153,"2021-04-17 07:00:00"
160,539640,Desenvolvedor,claradacunha3@example.com,154,"2021-04-17 10:30:00"
161,652635,Analista,joaovitorsilveira@example.com,155,"2021-04-17 22:30:00"
162,69546,Autonomo,brenoalmeida42@example.com,156,"2021-04-17 03:30:00"
163,64447,Autonomo,otaviorodrigues@example.com,157,"2021-04-17 11:00:00"
164,774808,Analista,analuizagoncalves@example.com,158,"2021-04-18 04:30:00"
165,77684,Corretor,vitoriajesus@example.com,159,"2021-04-18 09:30:00"
166,618894,Investidor,enzoramos@example.com,160,"2021-04-18 10:00:00"
167,568610,Outros,laviniafernandes959@example.com,161,"2021-04-18 03:00:00"
168,504003,Analista,julianasilveira65@example.com,162,"2021-04-18 03:30:00"
169,388770,Corretor,viniciusdamata@example.com,163,"2021-04-18 12:00:00"
170,492454,Investidor,gabrielavieira@example.com,12,"2021-04-18 05:00:00"
171,467409,Corretor,mariafernandapereira0@example.com,154,"2021-04-18 05:30:00"
172,550464,Desenvolvedor,luizhenriquecorreia1@example.com,158,"2021-04-18 04:30:00"
173,841841,Desenvolvedor,miguelrocha56@example.com,164,"2021-04-19 22:30:00"
174,330846,Analista,julianadaluz4@example.com,165,"2021-04-19 11:00:00"
175,636725,Analista,laiscunha1@example.com,166,"2021-04-19 02:30:00"
176,29059,Corretor,eduardofreitas99@example.com,108,"2021-04-19 07:30:00"
177,547300,Corretor,joaomiguellopes@example.com,167,"2021-04-19 17:30:00"
178,567530,Corretor,ananovaes9@example.com,109,"2021-04-19 19:00:00"
179,498249,Analista,nicolasaragao@example.com,168,"2021-04-19 05:00:00"
180,836201,Desenvolvedor,anaalves@example.com,169,"2021-04-19 07:30:00"
181,943298,Analista,diegodarosa2@example.com,170,"2021-04-19 21:00:00"
182,742424,Corretor,ianjesus@example.com,171,"2021-04-20 01:00:00"
183,166457,Autonomo,emanuellaaragao0@example.com,172,"2021-04-20 06:30:00"
184,867390,Outros,eloahfreitas@example.com,173,"2021-04-20 16:00:00"
185,522612,Desenvolvedor,marianecaldeira@example.com,174,"2021-04-20 20:00:00"
186,450789,Analista,kaiquealves5@example.com,168,"2021-04-20 21:00:00"
187,962108,Outros,julianaazevedo94@example.com,175,"2021-04-20 15:30:00"
188,360992,Desenvolvedor,felipemelo@example.com,176,"2021-04-20 16:30:00"
189,662383,Corretor,juanrocha4@example.com,177,"2021-04-20 04:00:00"
190,200429,Analista,lunapires1@example.com,178,"2021-04-20 18:00:00"
191,535033,Outros,luizfernandoribeiro@example.com,179,"2021-04-20 17:00:00"
192,889554,Corretor,luizfelipesales6@example.com,180,"2021-04-20 19:00:00"
193,631470,Corretor,calebecardoso1@example.com,181,"2021-04-20 08:00:00"
194,675866,Desenvolvedor,pietrabarros@example.com,182,"2021-04-20 01:30:00"
195,113563,Analista,murilosantos8@example.com,51,"2021-04-20 21:30:00"
196,853418,Analista,thiagocaldeira2@example.com,58,"2021-04-20 22:30:00"
197,11485,Analista,augustovieira3@example.com,183,"2021-04-20 12:30:00"
198,489371,Desenvolvedor,amandamoraes@example.com,184,"2021-04-20 01:00:00"
199,416638,Outros,mariajuliaalmeida9@example.com,185,"2021-04-21 01:00:00"
200,619093,Desenvolvedor,sophiaviana3@example.com,186,"2021-04-21 13:30:00"
201,370251,Autonomo,danielmoura@example.com,187,"2021-04-21 21:30:00"
202,333222,Investidor,rodrigobarros@example.com,188,"2021-04-21 11:00:00"
203,850348,Desenvolvedor,daviluccadarocha@example.com,13,"2021-04-21 05:00:00"
204,737376,Analista,leonardonascimento16@example.com,189,"2021-04-21 13:00:00"
205,223793,Autonomo,davilucasrezende@example.com,190,"2021-04-21 14:00:00"
206,8012,Investidor,leandrolima9@example.com,191,"2021-04-21 03:00:00"
207,912297,Desenvolvedor,cauarodrigues@example.com,192,"2021-04-21 06:30:00"
208,554758,Corretor,sophiedaluz@example.com,193,"2021-04-21 05:00:00"
209,713837,Corretor,sarahcunha0@example.com,118,"2021-04-21 04:30:00"
210,844318,Corretor,rauldamata@example.com,194,"2021-04-21 14:30:00"
211,493526,Analista,brendadacunha4@example.com,195,"2021-04-21 03:30:00"
212,133415,Desenvolvedor,viniciusjesus2@example.com,196,"2021-04-22 14:30:00"
213,572396,Investidor,daviluccavieira71@example.com,197,"2021-04-22 02:30:00"
214,238697,Outros,bryanlopes013@example.com,198,"2021-04-22 18:00:00"
215,92442,Analista,yurialmeida0@example.com,199,"2021-04-22 13:30:00"
216,483841,Analista,luizadamata0@example.com,200,"2021-04-23 03:00:00"
217,30978,Outros,raulcardoso184@example.com,201,"2021-04-23 21:30:00"
218,706005,Desenvolvedor,levidamata1@example.com,202,"2021-04-23 19:30:00"
219,360755,Analista,marianarezende7@example.com,203,"2021-04-23 06:00:00"
220,986453,Investidor,mariaferreira@example.com,204,"2021-04-23 18:30:00"
221,872142,Corretor,vitorhugofreitas6@example.com,86,"2021-04-23 16:30:00"
222,387943,Autonomo,juliapereira@example.com,205,"2021-04-24 06:00:00"
223,16306,Outros,carolinedapaz@example.com,206,"2021-04-24 09:00:00"
224,923242,Investidor,daviluccapeixoto74@example.com,207,"2021-04-24 10:30:00"
225,313257,Corretor,laradamota9@example.com,208,"2021-04-24 08:00:00"
226,469571,Desenvolvedor,noahazevedo860@example.com,112,"2021-04-24 22:00:00"
227,189833,Outros,davilucasdamota3@example.com,209,"2021-04-24 06:00:00"
228,775938,Corretor,analiviabarbosa@example.com,210,"2021-04-24 02:30:00"
229,767772,Outros,joanagoncalves@example.com,129,"2021-04-24 20:00:00"
230,224571,Analista,sophierodrigues8@example.com,211,"2021-04-25 08:00:00"
231,217024,Desenvolvedor,gabriellyalmeida9@example.com,212,"2021-04-25 07:30:00"
232,121969,Autonomo,lucasgabrielsales@example.com,213,"2021-04-25 14:30:00"
233,898315,Analista,anthonylima1@example.com,214,"2021-04-25 05:00:00"
234,59785,Analista,leticiadacruz5@example.com,215,"2021-04-25 16:00:00"
235,384079,Analista,emillydapaz4@example.com,216,"2021-04-25 15:00:00"
236,894546,Desenvolvedor,emillyfreitas@example.com,115,"2021-04-25 09:00:00"
237,290067,Analista,mariajuliadapaz8@example.com,217,"2021-04-25 02:30:00"
238,825632,Outros,brunasilva4@example.com,7,"2021-04-25 03:00:00"
239,645713,Corretor,viniciusduarte@example.com,118,"2021-04-25 19:30:00"
240,428262,Desenvolvedor,joaomigueldacruz@example.com,218,"2021-04-25 01:00:00"
241,804173,Corretor,danielcorreia1@example.com,219,"2021-04-26 06:00:00"
242,128679,Analista,bernardodacunha8@example.com,220,"2021-04-26 21:00:00"
243,269761,Desenvolvedor,leticiacastro1@example.com,221,"2021-04-26 09:30:00"
244,595346,Investidor,calebemelo@example.com,222,"2021-04-26 22:00:00"
245,834213,Investidor,danielcosta1@example.com,223,"2021-04-26 05:00:00"
246,488599,Autonomo,larissafogaca06@example.com,224,"2021-04-26 21:30:00"
247,323692,Investidor,paulocorreia@example.com,225,"2021-04-26 14:00:00"
248,481515,Analista,juliajesus@example.com,226,"2021-04-26 06:30:00"
249,845181,Corretor,fernandopereira676@example.com,227,"2021-04-26 07:00:00"
250,999828,Investidor,analauranogueira962@example.com,228,"2021-04-26 13:00:00"
251,706234,Analista,anaclararibeiro@example.com,229,"2021-04-26 14:30:00"
252,677374,Corretor,yasminpeixoto6@example.com,230,"2021-04-27 02:00:00"
253,84809,Analista,rafaelarocha2@example.com,231,"2021-04-27 21:00:00"
254,154912,Desenvolvedor,juliadacosta@example.com,232,"2021-04-27 09:00:00"
255,953248,Corretor,isaacporto99@example.com,93,"2021-04-27 03:00:00"
256,583857,Outros,isabelsouza258@example.com,233,"2021-04-27 04:00:00"
257,318835,Analista,paulocampos5@example.com,234,"2021-04-27 19:30:00"
258,274741,Investidor,luigilopes3@example.com,235,"2021-04-27 13:30:00"
259,712578,Outros,joaopedrocardoso9@example.com,173,"2021-04-28 10:00:00"
260,61546,Corretor,andremoreira@example.com,236,"2021-04-28 13:00:00"
261,620582,Corretor,laisdapaz160@example.com,237,"2021-04-29 07:30:00"
262,522052,Desenvolvedor,nataliacosta0@example.com,238,"2021-04-29 10:00:00"
263,496274,Outros,sabrinacunha440@example.com,239,"2021-04-29 07:30:00"
264,898947,Analista,luizmiguelfogaca43@example.com,240,"2021-04-30 18:00:00"
265,159843,Corretor,emanuellamoraes05@example.com,241,"2021-04-30 02:30:00"
266,469430,Desenvolvedor,pedrocosta@example.com,15,"2021-04-30 12:30:00"
267,461127,Desenvolvedor,davilucasalves@example.com,242,"2021-04-30 22:00:00"
268,134327,Corretor,enzogabrielfogaca@example.com,243,"2021-04-30 23:00:00"
269,916216,Outros,benjamindacosta7518@example.com,63,"2021-04-30 15:30:00"
270,149377,Investidor,arthurfarias5093@example.com,244,"2021-04-30 05:00:00"
271,939919,Outros,helenaaragao19@example.com,245,"2021-04-30 14:00:00"
272,537512,Analista,joaofelipeferreira@example.com,246,"2021-04-30 06:00:00"
273,670007,Investidor,anabeatrizmonteiro@example.com,247,"2021-04-30 06:30:00"
274,781857,Analista,amandanascimento8@example.com,248,"2021-05-01 07:30:00"
275,945694,Outros,carolinedasneves55@example.com,11,"2021-05-01 08:00:00"
276,793715,Investidor,lunabarros16@example.com,249,"2021-05-01 12:00:00"
277,417911,Investidor,melissasilveira9192@example.com,67,"2021-05-01 01:00:00"
278,424437,Investidor,raulsilveira8@example.com,250,"2021-05-01 15:30:00"
279,424150,Desenvolvedor,anadacunha0@example.com,251,"2021-05-01 19:00:00"
280,953006,Analista,joaofelipearaujo@example.com,252,"2021-05-01 21:30:00"
281,983289,Investidor,ianribeiro38@example.com,253,"2021-05-01 07:30:00"
282,928943,Corretor,levicampos@example.com,254,"2021-05-01 19:30:00"
283,472231,Corretor,luanasilva@example.com,254,"2021-05-01 21:30:00"
284,508661,Investidor,isabellypires29@example.com,255,"2021-05-02 17:00:00"
285,67890,Corretor,amandamartins@example.com,108,"2021-05-02 20:00:00"
286,932284,Analista,joaopedroalves@example.com,244,"2021-05-02 19:30:00"
287,535477,Corretor,lorenacavalcanti39@example.com,256,"2021-05-02 17:30:00"
288,690030,Desenvolvedor,lorenzobarros0@example.com,257,"2021-05-02 09:00:00"
289,857898,Analista,luizadamata1@example.com,258,"2021-05-02 09:30:00"
290,531307,Autonomo,yuriaraujo10@example.com,259,"2021-05-02 04:00:00"
291,29233,Outros,samuelfarias8@example.com,260,"2021-05-02 06:30:00"
292,937219,Analista,juliamelo98@example.com,261,"2021-05-03 05:30:00"
293,513078,Outros,pedromigueldasneves7443@example.com,262,"2021-05-03 02:00:00"
294,519182,Desenvolvedor,luizagomes3@example.com,263,"2021-05-03 10:00:00"
295,588368,Outros,elisadamata234@example.com,264,"2021-05-03 09:30:00"
296,34511,Analista,pietrofernandes9@example.com,265,"2021-05-03 07:30:00"
297,537699,Desenvolvedor,laviniamelo@example.com,266,"2021-05-03 23:00:00"
298,998364,Desenvolvedor,giovannaalves@example.com,267,"2021-05-03 22:00:00"
299,709656,Desenvolvedor,juannascimento11@example.com,268,"2021-05-03 13:30:00"
300,488823,Desenvolvedor,analauradamata@example.com,269,"2021-05-03 23:00:00"
301,545541,Corretor,nicolecavalcanti@example.com,110,"2021-05-03 05:00:00"
302,997838,Investidor,luizgustavofarias9@example.com,36,"2021-05-03 23:00:00"
303,942069,Corretor,anavitoriagomes03754@example.com,270,"2021-05-04 06:30:00"
304,701229,Investidor,eduardaalves65@example.com,271,"2021-05-04 10:30:00"
305,911353,Desenvolvedor,laviniacunha7@example.com,272,"2021-05-04 04:30:00"
306,609022,Corretor,augustoalmeida1@example.com,273,"2021-05-04 03:30:00"
307,382864,Outros,vitorpeixoto29@example.com,274,"2021-05-04 01:00:00"
308,166963,Analista,lucasazevedo9@example.com,275,"2021-05-04 04:30:00"
309,378731,Analista,milenadacunha39@example.com,5,"2021-05-04 18:00:00"
310,2763,Corretor,maiteoliveira@example.com,276,"2021-05-04 13:30:00"
311,815847,Analista,isabellagomes@example.com,213,"2021-05-04 22:00:00"
312,506290,Outros,joaopedromonteiro20@example.com,204,"2021-05-04 12:30:00"
313,64320,Corretor,thalesfernandes19@example.com,277,"2021-05-04 08:00:00"
314,867849,Outros,iandaconceicao93667@example.com,278,"2021-05-04 06:30:00"
315,254087,Corretor,caiosouza27@example.com,279,"2021-05-04 22:00:00"
316,966365,Autonomo,analiviamoura03@example.com,280,"2021-05-04 14:00:00"
317,283398,Desenvolvedor,thomasdamota5@example.com,281,"2021-05-05 19:00:00"
318,24188,Analista,mariaalicenunes@example.com,282,"2021-05-05 10:30:00"
319,168220,Analista,maiterodrigues9@example.com,283,"2021-05-05 03:30:00"
320,32547,Outros,alexandrefreitas@example.com,88,"2021-05-05 03:00:00"
321,848748,Desenvolvedor,murilonogueira@example.com,284,"2021-05-05 09:30:00"
322,989281,Outros,melissaribeiro1@example.com,285,"2021-05-05 14:30:00"
323,391561,Analista,eduardasouza2@example.com,238,"2021-05-05 19:00:00"
324,199219,Investidor,anaclarafogaca555@example.com,286,"2021-05-05 17:00:00"
325,453194,Desenvolvedor,eloahbarros@example.com,287,"2021-05-05 12:30:00"
326,465936,Desenvolvedor,joaomigueldaconceicao@example.com,288,"2021-05-05 14:30:00"
327,315722,Corretor,anajuliacosta42@example.com,87,"2021-05-05 06:30:00"
328,898127,Corretor,luizfelipedacunha9@example.com,289,"2021-05-05 03:30:00"
329,272123,Outros,yasmincorreia57@example.com,290,"2021-05-05 17:00:00"
330,704395,Outros,laviniateixeira@example.com,291,"2021-05-06 17:00:00"
331,261019,Desenvolvedor,joaovitorporto37@example.com,292,"2021-05-06 09:30:00"
332,871232,Outros,catarinacardoso54@example.com,293,"2021-05-06 05:00:00"
333,714234,Analista,luizgustavonunes1@example.com,294,"2021-05-06 18:00:00"
334,791156,Analista,joaopedrocavalcanti2960@example.com,295,"2021-05-06 03:30:00"
335,55986,Corretor,kevinrodrigues79@example.com,296,"2021-05-06 10:00:00"
336,673009,Analista,gabrielcavalcanti0@example.com,297,"2021-05-06 09:30:00"
337,51777,Autonomo,benjaminfarias8@example.com,298,"2021-05-06 14:00:00"
338,170943,Corretor,vitoriadarosa@example.com,299,"2021-05-06 22:30:00"
339,606555,Analista,pedromiguelalves@example.com,300,"2021-05-07 09:00:00"
340,494291,Desenvolvedor,valentinaalves@example.com,301,"2021-05-07 13:00:00"
341,785729,Desenvolvedor,lucasgabrielcosta@example.com,302,"2021-05-07 06:00:00"
342,524548,Corretor,elisarocha62@example.com,281,"2021-05-07 16:30:00"
343,604179,Analista,manuelagoncalves00@example.com,303,"2021-05-07 22:30:00"
344,425318,Investidor,daniloalves3@example.com,304,"2021-05-07 22:30:00"
345,572388,Corretor,analauramelo3@example.com,305,"2021-05-07 23:00:00"
346,346360,Autonomo,joanabarbosa95@example.com,306,"2021-05-07 08:30:00"
347,720916,Analista,gabrielporto@example.com,307,"2021-05-08 06:30:00"
348,342386,Outros,melissacampos@example.com,4,"2021-05-08 01:00:00"
349,947339,Analista,aliciaoliveira@example.com,308,"2021-05-08 08:00:00"
350,203422,Outros,vitorhugoalves@example.com,309,"2021-05-08 03:30:00"
351,797970,Analista,sarahdasneves0@example.com,46,"2021-05-08 22:30:00"
352,826396,Autonomo,marianacostela05@example.com,310,"2021-05-08 21:00:00"
353,10137,Analista,claranunes3@example.com,31,"2021-05-08 08:00:00"
354,831619,Corretor,lorenadarosa6@example.com,311,"2021-05-08 12:30:00"
355,860449,Desenvolvedor,yasminnovaes@example.com,312,"2021-05-08 19:30:00"
356,749350,Desenvolvedor,ceciliagoncalves4@example.com,313,"2021-05-08 21:30:00"
357,993473,Desenvolvedor,isabellybarros33@example.com,314,"2021-05-08 12:30:00"
358,335868,Investidor,claraalmeida6@example.com,315,"2021-05-08 02:00:00"
359,164839,Analista,liviacostela33@example.com,316,"2021-05-08 08:00:00"
360,603623,Desenvolvedor,joaogabrielferreira2@example.com,317,"2021-05-08 07:00:00"
361,249793,Analista,bryandamata8@example.com,318,"2021-05-09 07:30:00"
362,926009,Desenvolvedor,valentinanunes@example.com,319,"2021-05-09 08:00:00"
363,146565,Analista,marianabarros@example.com,320,"2021-05-09 20:30:00"
364,840303,Corretor,mirelladarocha24@example.com,321,"2021-05-09 12:00:00"
365,456198,Corretor,bernardosantos@example.com,134,"2021-05-09 17:00:00"
366,227049,Autonomo,vitorcavalcanti30@example.com,322,"2021-05-09 17:00:00"
367,300875,Desenvolvedor,joaobarros@example.com,186,"2021-05-09 03:30:00"
368,418869,Analista,giovannabarros3@example.com,323,"2021-05-09 09:30:00"
369,991500,Autonomo,agathaaragao79@example.com,324,"2021-05-09 22:00:00"
370,976249,Desenvolvedor,mariaclarasilveira1@example.com,325,"2021-05-09 03:00:00"
371,387616,Desenvolvedor,beatrizdarocha5@example.com,326,"2021-05-09 23:00:00"
372,492127,Autonomo,ryandamata462@example.com,327,"2021-05-09 03:30:00"
373,272355,Outros,brendaalves@example.com,328,"2021-05-10 06:00:00"
374,494349,Analista,sophienunes@example.com,329,"2021-05-10 14:00:00"
375,910936,Outros,laviniadarosa868@example.com,330,"2021-05-10 12:30:00"
376,888288,Corretor,catarinavieira@example.com,331,"2021-05-10 18:00:00"
377,518282,Desenvolvedor,emanuellaaraujo3@example.com,332,"2021-05-10 21:30:00"
378,51900,Outros,pietromoura928@example.com,108,"2021-05-10 07:30:00"
379,493066,Outros,diogomendes3@example.com,333,"2021-05-10 14:00:00"
380,60690,Corretor,davilucassouza10@example.com,206,"2021-05-10 07:00:00"
381,733479,Corretor,joaofarias94@example.com,334,"2021-05-10 14:30:00"
382,863579,Analista,vitornunes@example.com,335,"2021-05-10 23:00:00"
383,877001,Autonomo,luccanunes4@example.com,336,"2021-05-10 12:30:00"
384,799154,Outros,joaofelipeviana209@example.com,3,"2021-05-10 02:30:00"
385,468953,Desenvolvedor,pietrolopes08@example.com,337,"2021-05-10 18:30:00"
386,989906,Corretor,mariaceciliaalves62697@example.com,338,"2021-05-10 11:30:00"
387,509862,Analista,isabellydarocha@example.com,99,"2021-05-11 21:30:00"
388,607067,Corretor,alicefreitas@example.com,339,"2021-05-11 20:30:00"
389,30128,Analista,isaacaraujo1@example.com,340,"2021-05-11 11:00:00"
390,726306,Desenvolvedor,marianelima@example.com,341,"2021-05-11 11:30:00"
391,779849,Corretor,mariacardoso@example.com,342,"2021-05-11 02:00:00"
392,535622,Desenvolvedor,henriquerezende@example.com,343,"2021-05-11 16:30:00"
393,70662,Autonomo,stellafarias4@example.com,344,"2021-05-11 09:30:00"
394,109211,Outros,miguelgoncalves3@example.com,345,"2021-05-11 08:30:00"
395,323032,Desenvolvedor,davilucasmoraes@example.com,346,"2021-05-11 19:00:00"
396,958153,Outros,felipemonteiro00@example.com,347,"2021-05-11 06:00:00"
397,648285,Desenvolvedor,levisilva6@example.com,348,"2021-05-11 17:00:00"
398,142857,Desenvolvedor,joaoguilhermeribeiro@example.com,99,"2021-05-11 05:30:00"
399,661063,Analista,thalesfarias4@example.com,349,"2021-05-11 21:00:00"
400,246547,Outros,danielagomes4@example.com,320,"2021-05-11 19:00:00"
401,358801,Desenvolvedor,sophienascimento3@example.com,350,"2021-05-11 14:30:00"
402,384771,Desenvolvedor,marianeduarte@example.com,351,"2021-05-12 09:00:00"
403,588458,Corretor,raquelpeixoto20@example.com,126,"2021-05-12 18:30:00"
404,544532,Desenvolvedor,davilucaspinto@example.com,352,"2021-05-12 18:30:00"
405,492288,Desenvolvedor,joaoguilhermenogueira@example.com,112,"2021-05-12 07:30:00"
406,233873,Analista,leticiacosta97@example.com,331,"2021-05-12 10:00:00"
407,558675,Analista,isisdaconceicao9@example.com,133,"2021-05-12 17:30:00"
408,539649,Corretor,maysacunha9@example.com,109,"2021-05-12 22:00:00"
409,315081,Investidor,luizgustavodaluz@example.com,153,"2021-05-12 05:00:00"
410,396124,Analista,nathancaldeira9@example.com,353,"2021-05-12 16:00:00"
411,39322,Analista,nicolecastro@example.com,354,"2021-05-12 11:00:00"
412,69301,Corretor,leonardodamata@example.com,355,"2021-05-12 13:00:00"
413,740480,Desenvolvedor,franciscodamota@example.com,356,"2021-05-12 23:00:00"
414,881392,Analista,noahcavalcanti43@example.com,357,"2021-05-12 22:00:00"
415,860367,Outros,vitorgabrielnogueira60@example.com,189,"2021-05-12 07:30:00"
416,286209,Corretor,theoalmeida1@example.com,358,"2021-05-13 13:00:00"
417,595595,Outros,anasophialopes51@example.com,139,"2021-05-13 12:30:00"
418,148988,Corretor,luizfernandofernandes@example.com,359,"2021-05-13 16:00:00"
419,950851,Corretor,lucasdaconceicao87@example.com,14,"2021-05-13 16:00:00"
420,375432,Desenvolvedor,leonardobarros21@example.com,360,"2021-05-13 01:30:00"
421,56080,Desenvolvedor,brunoaragao@example.com,190,"2021-05-13 07:00:00"
422,687438,Desenvolvedor,bernardodamota@example.com,361,"2021-05-13 05:30:00"
423,877961,Corretor,gabriellyrocha@example.com,362,"2021-05-13 11:30:00"
424,657063,Outros,joaovitorgoncalves@example.com,363,"2021-05-13 21:30:00"
425,680477,Analista,julianamoreira@example.com,364,"2021-05-13 05:00:00"
426,854949,Outros,benjaminrezende78709@example.com,365,"2021-05-14 16:30:00"
427,36759,Corretor,thalescardoso33@example.com,366,"2021-05-14 18:30:00"
428,438473,Analista,pietrapeixoto1@example.com,42,"2021-05-14 16:30:00"
429,29935,Desenvolvedor,joaovitormoraes@example.com,367,"2021-05-14 23:00:00"
430,395522,Outros,kamillysouza0@example.com,368,"2021-05-14 08:30:00"
431,565514,Corretor,stephanydaconceicao@example.com,369,"2021-05-14 20:00:00"
432,947796,Analista,enricodacruz8@example.com,89,"2021-05-14 20:00:00"
433,589558,Outros,biancacosta2@example.com,370,"2021-05-14 15:30:00"
434,92447,Autonomo,daviluccacostela044@example.com,371,"2021-05-14 06:00:00"
435,90268,Investidor,yasmincavalcanti@example.com,372,"2021-05-15 18:30:00"
436,223351,Outros,anajuliacardoso0@example.com,373,"2021-05-15 09:30:00"
437,109061,Desenvolvedor,larasouza88@example.com,215,"2021-05-15 14:00:00"
438,906995,Desenvolvedor,daviluizmoreira0@example.com,93,"2021-05-15 12:00:00"
439,261583,Corretor,rafaelmendes34@example.com,160,"2021-05-15 10:30:00"
440,600425,Outros,joaooliveira@example.com,374,"2021-05-15 12:00:00"
441,212154,Analista,fernandocavalcanti@example.com,375,"2021-05-15 23:00:00"
442,202217,Analista,leonardoaraujo@example.com,376,"2021-05-15 10:30:00"
443,966417,Investidor,anacarolinadacosta@example.com,377,"2021-05-15 12:00:00"
444,493024,Analista,joaomigueldaconceicao4@example.com,378,"2021-05-15 17:30:00"
445,77898,Desenvolvedor,mariaeduardaaraujo@example.com,379,"2021-05-15 21:30:00"
446,221055,Corretor,juanramos7@example.com,380,"2021-05-15 15:00:00"
447,194425,Analista,joaodias@example.com,381,"2021-05-16 04:30:00"
448,479184,Outros,sophieporto643@example.com,382,"2021-05-16 13:30:00"
449,41438,Corretor,anajuliacampos2@example.com,383,"2021-05-16 16:00:00"
450,342588,Desenvolvedor,rebecacunha18@example.com,384,"2021-05-16 11:00:00"
451,386047,Corretor,joaquimdacruz@example.com,83,"2021-05-16 16:30:00"
452,453260,Desenvolvedor,mariaceciliapinto81@example.com,385,"2021-05-16 08:00:00"
453,227543,Investidor,yagoribeiro6@example.com,386,"2021-05-16 01:00:00"
454,295840,Desenvolvedor,larasilveira@example.com,206,"2021-05-16 19:30:00"
455,260024,Corretor,sofiacavalcanti0@example.com,318,"2021-05-16 08:00:00"
456,629599,Analista,alicedacruz5@example.com,387,"2021-05-16 20:00:00"
457,56668,Analista,catarinadarosa@example.com,238,"2021-05-16 22:30:00"
458,289701,Investidor,juliacavalcanti7@example.com,388,"2021-05-16 07:30:00"
459,519481,Corretor,gabriellymoraes@example.com,389,"2021-05-16 05:30:00"
460,242102,Desenvolvedor,augustoalmeida6@example.com,177,"2021-05-16 23:00:00"
461,181794,Desenvolvedor,joaolucasmoura@example.com,390,"2021-05-16 10:30:00"
462,880076,Autonomo,thomasnunes5@example.com,76,"2021-05-16 09:30:00"
463,930965,Desenvolvedor,yuridaconceicao9@example.com,391,"2021-05-16 17:30:00"
464,845113,Corretor,alicecostela@example.com,175,"2021-05-16 13:30:00"
465,358945,Desenvolvedor,marialuizagomes@example.com,392,"2021-05-16 12:00:00"
466,425745,Analista,marialuizaalves5@example.com,393,"2021-05-16 08:00:00"
467,725689,Analista,marinacosta@example.com,394,"2021-05-16 20:00:00"
468,80323,Investidor,manueladaconceicao@example.com,395,"2021-05-16 03:00:00"
469,983735,Corretor,sophiaazevedo7@example.com,57,"2021-05-17 13:00:00"
470,568978,Corretor,eduardoaraujo792@example.com,175,"2021-05-17 05:30:00"
471,37687,Desenvolvedor,juanfogaca2@example.com,228,"2021-05-17 07:30:00"
472,403969,Corretor,barbaranogueira@example.com,396,"2021-05-17 17:00:00"
473,581421,Analista,leticianogueira0@example.com,397,"2021-05-17 13:30:00"
474,46518,Desenvolvedor,eloahfarias@example.com,169,"2021-05-17 05:00:00"
475,387275,Desenvolvedor,beatrizgoncalves@example.com,346,"2021-05-17 15:00:00"
476,775557,Outros,nathancastro1841@example.com,398,"2021-05-17 07:30:00"
477,167061,Corretor,nathancorreia7@example.com,399,"2021-05-17 09:00:00"
478,557626,Analista,nathanlima78@example.com,333,"2021-05-17 17:00:00"
479,624995,Investidor,mariavitoriamelo0@example.com,400,"2021-05-17 15:00:00"
480,947533,Outros,samueldacruz41@example.com,174,"2021-05-17 18:00:00"
481,647196,Analista,mariajuliagoncalves10@example.com,373,"2021-05-17 07:30:00"
482,865565,Analista,mariaalicedarocha2@example.com,401,"2021-05-17 04:30:00"
483,755485,Outros,anacarolinabarros635@example.com,402,"2021-05-17 06:00:00"
484,208776,Analista,pedrolucascostela0@example.com,403,"2021-05-18 01:30:00"
485,829861,Analista,alicesales@example.com,93,"2021-05-18 07:00:00"
486,701441,Corretor,mariaeduardaviana9@example.com,404,"2021-05-18 07:00:00"
487,468501,Corretor,lucascastro@example.com,375,"2021-05-18 13:00:00"
488,496300,Analista,cauadacunha3@example.com,88,"2021-05-18 07:00:00"
489,434459,Analista,manueladapaz@example.com,405,"2021-05-18 17:30:00"
490,43001,Desenvolvedor,pedrolucasfogaca6@example.com,112,"2021-05-18 16:30:00"
491,915079,Outros,kevinteixeira32@example.com,213,"2021-05-18 08:00:00"
492,853812,Desenvolvedor,pietromoreira7@example.com,406,"2021-05-18 04:00:00"
493,248603,Investidor,milenadapaz6@example.com,407,"2021-05-18 21:30:00"
494,597244,Investidor,thomasdarosa4@example.com,408,"2021-05-18 16:00:00"
495,712406,Autonomo,luizotaviocosta@example.com,409,"2021-05-18 10:30:00"
496,553508,Investidor,guilhermenovaes@example.com,410,"2021-05-18 15:30:00"
497,84431,Outros,oliviacastro7@example.com,411,"2021-05-18 07:00:00"
498,729951,Corretor,catarinaalves4@example.com,412,"2021-05-18 17:00:00"
499,298596,Desenvolvedor,yasmincaldeira5@example.com,413,"2021-05-18 11:00:00"
500,752361,Investidor,larissafogaca348@example.com,414,"2021-05-18 12:00:00"
501,429516,Desenvolvedor,vitorianovaes@example.com,415,"2021-05-19 09:00:00"
502,58587,Outros,mariafernandadasneves1300@example.com,416,"2021-05-19 10:30:00"
503,840977,Analista,luccarodrigues3@example.com,417,"2021-05-19 01:00:00"
504,559510,Analista,ericknascimento7@example.com,273,"2021-05-19 08:30:00"
505,105610,Analista,brenomendes46@example.com,418,"2021-05-19 16:30:00"
506,965384,Desenvolvedor,brendacampos5@example.com,246,"2021-05-19 01:30:00"
507,457803,Investidor,aliciasantos0011@example.com,156,"2021-05-19 08:30:00"
508,653645,Outros,helenapires93@example.com,419,"2021-05-19 06:30:00"
509,517254,Investidor,carloseduardorocha@example.com,420,"2021-05-19 04:00:00"
510,590703,Desenvolvedor,beniciolopes6@example.com,421,"2021-05-19 11:30:00"
511,501139,Autonomo,mariavitoriacaldeira6@example.com,422,"2021-05-19 17:30:00"
512,325796,Corretor,marceladamata73@example.com,423,"2021-05-19 17:00:00"
513,304659,Corretor,yagomartins6@example.com,117,"2021-05-20 05:30:00"
514,347530,Outros,joaomiguelcardoso@example.com,424,"2021-05-20 04:30:00"
515,90157,Outros,isabellydacosta@example.com,425,"2021-05-20 05:00:00"
516,669990,Outros,lorenzodaconceicao4@example.com,426,"2021-05-20 05:00:00"
517,923705,Analista,gustavodacosta@example.com,427,"2021-05-20 17:30:00"
518,248447,Desenvolvedor,enricobarbosa@example.com,428,"2021-05-20 12:00:00"
519,529060,Desenvolvedor,emanuellycorreia@example.com,429,"2021-05-21 11:00:00"
520,160662,Corretor,gustavocunha9@example.com,430,"2021-05-21 08:00:00"
521,781865,Analista,elisaoliveira@example.com,431,"2021-05-21 10:30:00"
522,74241,Desenvolvedor,nathandacosta75@example.com,432,"2021-05-21 20:00:00"
523,574840,Analista,arthurnascimento@example.com,433,"2021-05-21 09:00:00"
524,788470,Investidor,clarapereira721@example.com,434,"2021-05-21 18:30:00"
525,201742,Outros,joaovitormartins@example.com,435,"2021-05-21 19:30:00"
526,190959,Corretor,franciscofreitas7094@example.com,67,"2021-05-21 11:00:00"
527,55568,Corretor,brenoramos@example.com,305,"2021-05-21 18:00:00"
528,194643,Investidor,estherrocha94@example.com,192,"2021-05-21 02:30:00"
529,471729,Corretor,fernandocardoso6981@example.com,14,"2021-05-21 10:30:00"
530,102505,Analista,ryanmoura9@example.com,110,"2021-05-21 16:00:00"
531,356443,Autonomo,giovannadacosta@example.com,436,"2021-05-21 21:30:00"
532,901716,Analista,alanafreitas09@example.com,331,"2021-05-21 11:30:00"
533,613578,Outros,mariavitoriaporto6016@example.com,437,"2021-05-21 06:30:00"
534,526074,Analista,oliviapires@example.com,160,"2021-05-21 20:00:00"
535,252456,Desenvolvedor,anthonycardoso4@example.com,369,"2021-05-21 20:30:00"
536,297081,Autonomo,joaomiguelsouza968@example.com,438,"2021-05-22 23:00:00"
537,306979,Desenvolvedor,emanuelladias1@example.com,439,"2021-05-22 17:30:00"
538,79262,Corretor,elisaaragao@example.com,440,"2021-05-22 16:00:00"
539,226037,Analista,raulviana69@example.com,441,"2021-05-22 10:00:00"
540,384020,Analista,noahpeixoto51@example.com,442,"2021-05-22 03:30:00"
541,488928,Investidor,analuizadapaz2@example.com,443,"2021-05-22 18:30:00"
542,328377,Analista,gabrielfogaca1@example.com,444,"2021-05-22 12:00:00"
543,941452,Corretor,gabrielfogaca@example.com,445,"2021-05-22 19:00:00"
544,826345,Desenvolvedor,elisanovaes@example.com,446,"2021-05-22 15:00:00"
545,728868,Outros,ninamoreira8@example.com,447,"2021-05-22 21:30:00"
546,502326,Outros,isabellydaconceicao57@example.com,448,"2021-05-22 06:00:00"
547,873360,Outros,caleberibeiro05@example.com,105,"2021-05-22 23:00:00"
548,271697,Investidor,anajuliafarias@example.com,139,"2021-05-23 10:30:00"
549,565986,Corretor,carolinamonteiro@example.com,449,"2021-05-23 05:30:00"
550,307624,Analista,vicentemoraes@example.com,450,"2021-05-23 18:30:00"
551,523049,Desenvolvedor,davilucasribeiro8@example.com,451,"2021-05-23 10:00:00"
552,300719,Investidor,heitordaconceicao2@example.com,63,"2021-05-23 17:30:00"
553,134041,Desenvolvedor,nataliaalves@example.com,452,"2021-05-23 05:00:00"
554,546103,Desenvolvedor,laissilva@example.com,453,"2021-05-23 20:30:00"
555,27600,Desenvolvedor,kevindasneves5@example.com,454,"2021-05-23 06:30:00"
556,601294,Autonomo,laispereira1888@example.com,244,"2021-05-23 18:00:00"
557,541789,Investidor,matheuscosta0@example.com,455,"2021-05-23 17:30:00"
558,171339,Outros,augustodacunha9@example.com,456,"2021-05-23 08:30:00"
559,171197,Corretor,yuridaconceicao@example.com,457,"2021-05-24 11:30:00"
560,437226,Analista,erickcampos@example.com,277,"2021-05-24 12:30:00"
561,611199,Investidor,beatrizdaluz@example.com,10,"2021-05-24 12:00:00"
562,543516,Desenvolvedor,danielagoncalves1@example.com,458,"2021-05-24 20:30:00"
563,816307,Corretor,mariaeduardaramos@example.com,358,"2021-05-24 20:30:00"
564,733835,Outros,caionogueira19@example.com,459,"2021-05-24 15:00:00"
565,640950,Autonomo,matheusrocha1@example.com,460,"2021-05-24 10:30:00"
566,526121,Analista,evelyndamata@example.com,461,"2021-05-24 16:30:00"
567,960820,Desenvolvedor,eduardofarias1@example.com,461,"2021-05-24 09:00:00"
568,430668,Investidor,thomasdamota1@example.com,462,"2021-05-24 05:30:00"
569,900247,Desenvolvedor,erickferreira83@example.com,463,"2021-05-24 07:30:00"
570,161682,Outros,laviniaporto5@example.com,404,"2021-05-24 11:00:00"
571,942123,Corretor,sophieferreira0@example.com,464,"2021-05-24 18:30:00"
572,331885,Analista,antonioaraujo@example.com,465,"2021-05-25 17:30:00"
573,57968,Desenvolvedor,rodrigopeixoto3@example.com,466,"2021-05-25 14:00:00"
574,428532,Outros,henriquebarbosa980@example.com,51,"2021-05-25 06:30:00"
575,550858,Corretor,noahrodrigues3@example.com,467,"2021-05-25 04:30:00"
576,443857,Desenvolvedor,brunodaconceicao0@example.com,468,"2021-05-25 18:30:00"
577,401308,Desenvolvedor,sofiagoncalves0@example.com,96,"2021-05-25 14:00:00"
578,528267,Desenvolvedor,joaopires5@example.com,469,"2021-05-25 16:00:00"
579,351892,Outros,theocampos@example.com,470,"2021-05-25 14:30:00"
580,139866,Corretor,arthurramos9@example.com,471,"2021-05-25 21:30:00"
581,914145,Outros,enzogabrielalves@example.com,472,"2021-05-25 17:00:00"
582,121159,Investidor,anasophiadarosa5426@example.com,473,"2021-05-25 10:30:00"
583,493723,Analista,bernardoaragao2@example.com,286,"2021-05-25 12:00:00"
584,691984,Desenvolvedor,lunamelo@example.com,474,"2021-05-25 12:00:00"
585,246865,Outros,danielviana2828@example.com,475,"2021-05-25 11:30:00"
586,707580,Outros,mariavitoriavieira4@example.com,476,"2021-05-25 12:00:00"
587,565668,Investidor,sabrinadacunha781@example.com,477,"2021-05-26 14:00:00"
588,947583,Analista,julianaaraujo4@example.com,392,"2021-05-26 17:30:00"
589,861411,Analista,melissasantos3@example.com,478,"2021-05-26 17:30:00"
590,599243,Outros,emillysales@example.com,479,"2021-05-26 11:00:00"
591,72328,Desenvolvedor,miguelcostela09@example.com,480,"2021-05-26 03:30:00"
592,686920,Corretor,joaogabrielpereira@example.com,481,"2021-05-26 13:30:00"
593,824565,Investidor,thalesdacosta@example.com,482,"2021-05-27 14:30:00"
594,894284,Corretor,joaogabrielfernandes@example.com,483,"2021-05-27 11:30:00"
595,558579,Analista,lauradamota10@example.com,345,"2021-05-27 11:30:00"
596,982741,Corretor,isaacnascimento@example.com,484,"2021-05-27 15:30:00"
597,64834,Corretor,fernandapeixoto7@example.com,485,"2021-05-27 10:00:00"
598,287584,Autonomo,claricefogaca3@example.com,486,"2021-05-27 18:30:00"
599,226396,Analista,eduardasilva@example.com,487,"2021-05-27 14:00:00"
600,191721,Corretor,guilhermepeixoto@example.com,483,"2021-05-27 07:30:00"
601,531399,Analista,joaovitorviana@example.com,488,"2021-05-27 10:00:00"
602,852149,Corretor,henriquemartins@example.com,489,"2021-05-27 11:00:00"
603,375962,Outros,thalesmonteiro856@example.com,391,"2021-05-28 21:00:00"
604,982296,Analista,luizotaviofogaca37@example.com,490,"2021-05-28 17:00:00"
605,281516,Corretor,maitedarocha0@example.com,435,"2021-05-28 06:00:00"
606,537498,Corretor,kevinnascimento@example.com,115,"2021-05-28 10:30:00"
607,658781,Investidor,joaquimmoraes@example.com,491,"2021-05-28 15:00:00"
608,693954,Desenvolvedor,marcelapinto@example.com,492,"2021-05-28 16:00:00"
609,85652,Analista,isaacfernandes62@example.com,493,"2021-05-28 13:30:00"
610,980845,Autonomo,luccadamata53@example.com,494,"2021-05-28 04:00:00"
611,904074,Analista,rodrigofernandes@example.com,495,"2021-05-28 08:00:00"
612,539518,Outros,anabeatrizlima@example.com,496,"2021-05-28 02:00:00"
613,961695,Investidor,luccagomes88@example.com,468,"2021-05-28 03:00:00"
614,429207,Analista,camilapinto3@example.com,497,"2021-05-29 15:30:00"
615,17915,Autonomo,fernandarezende161@example.com,498,"2021-05-29 18:30:00"
616,907171,Outros,mariafernandaoliveira71@example.com,247,"2021-05-29 23:00:00"
617,468531,Desenvolvedor,eloahcosta@example.com,499,"2021-05-29 21:30:00"
618,97459,Investidor,ninanovaes3@example.com,174,"2021-05-29 06:30:00"
619,513799,Corretor,nicolemendes62@example.com,500,"2021-05-29 22:00:00"
620,96821,Corretor,mariasophiabarbosa65@example.com,501,"2021-05-29 11:30:00"
621,458608,Desenvolvedor,alanajesus4@example.com,67,"2021-05-29 23:00:00"
622,671348,Outros,mariafernandapeixoto3@example.com,502,"2021-05-29 21:30:00"
623,788492,Corretor,brunaaragao@example.com,88,"2021-05-29 16:00:00"
624,899818,Outros,gustavocostela14@example.com,503,"2021-05-30 22:30:00"
625,848172,Desenvolvedor,leonardodacruz00@example.com,504,"2021-05-30 22:30:00"
626,195920,Outros,heitorazevedo185@example.com,198,"2021-05-30 01:00:00"
627,625931,Analista,vitorgabrielcunha9@example.com,505,"2021-05-30 21:30:00"
628,964804,Analista,marcelasilveira6@example.com,506,"2021-05-30 05:00:00"
629,469467,Corretor,anasophiateixeira6@example.com,507,"2021-05-30 15:30:00"
630,246676,Analista,luccaduarte@example.com,508,"2021-05-30 05:30:00"
631,218836,Analista,luccafernandes@example.com,509,"2021-05-30 20:00:00"
632,371235,Corretor,franciscosilveira63@example.com,456,"2021-05-30 18:30:00"
633,365489,Analista,daviaragao1@example.com,510,"2021-05-30 02:30:00"
634,157884,Corretor,maysacampos@example.com,511,"2021-05-30 05:00:00"
635,61098,Analista,yuriferreira1@example.com,512,"2021-05-30 18:00:00"
636,145551,Analista,renanmartins6@example.com,507,"2021-05-30 05:00:00"
637,736952,Corretor,stellanascimento49@example.com,513,"2021-05-30 15:30:00"
638,534462,Desenvolvedor,levidamata5@example.com,514,"2021-05-30 08:00:00"
639,631331,Analista,anthonyviana@example.com,468,"2021-05-31 14:30:00"
640,801718,Desenvolvedor,julianaalves2@example.com,185,"2021-05-31 19:00:00"
641,374153,Outros,barbaradamota1@example.com,113,"2021-05-31 06:00:00"
642,307163,Corretor,lorenzocunha1@example.com,515,"2021-05-31 14:30:00"
643,350605,Desenvolvedor,carolinarocha@example.com,516,"2021-05-31 22:30:00"
644,729536,Autonomo,mariaceciliaazevedo57@example.com,366,"2021-05-31 19:00:00"
645,217855,Corretor,marcelacosta@example.com,517,"2021-05-31 21:00:00"
646,924378,Investidor,iannascimento807@example.com,518,"2021-05-31 15:30:00"
647,78254,Analista,nathanmoura@example.com,519,"2021-05-31 12:00:00"
648,867775,Desenvolvedor,thalesrocha@example.com,520,"2021-05-31 02:00:00"
649,109613,Autonomo,danieloliveira64@example.com,500,"2021-05-31 17:00:00"
650,3478,Outros,davilucasfogaca1170@example.com,143,"2021-06-01 21:00:00"
651,760147,Analista,brenocosta@example.com,8,"2021-06-01 13:00:00"
652,680806,Desenvolvedor,anajuliacunha3195@example.com,521,"2021-06-01 16:30:00"
653,617194,Corretor,sofiasilveira@example.com,522,"2021-06-01 04:00:00"
654,871292,Outros,mariajuliarezende712@example.com,523,"2021-06-01 05:00:00"
655,689193,Outros,migueldias71@example.com,307,"2021-06-01 19:30:00"
656,967165,Outros,eduardaduarte534@example.com,251,"2021-06-01 09:00:00"
657,800178,Autonomo,luizhenriquedarocha55@example.com,163,"2021-06-01 20:30:00"
658,312694,Desenvolvedor,marcosviniciuscardoso@example.com,524,"2021-06-02 13:30:00"
659,580205,Desenvolvedor,anabeatrizdapaz@example.com,525,"2021-06-02 16:30:00"
660,20424,Analista,estheraragao@example.com,526,"2021-06-02 10:00:00"
661,416419,Corretor,carloseduardopinto@example.com,527,"2021-06-02 12:00:00"
662,25218,Analista,gabrielaragao0@example.com,528,"2021-06-02 08:00:00"
663,78011,Analista,pedrolucascardoso@example.com,129,"2021-06-02 22:30:00"
664,701817,Outros,theocampos054@example.com,464,"2021-06-02 01:30:00"
665,816256,Corretor,aliceribeiro01@example.com,529,"2021-06-03 05:00:00"
666,468275,Desenvolvedor,mariajuliafarias1@example.com,530,"2021-06-03 04:30:00"
667,867574,Desenvolvedor,guilhermecaldeira58@example.com,531,"2021-06-03 20:00:00"
668,505639,Outros,murilodacruz@example.com,532,"2021-06-03 18:00:00"
669,258573,Corretor,catarinaramos61@example.com,533,"2021-06-03 17:00:00"
670,430000,Outros,theocunha2051@example.com,201,"2021-06-03 03:00:00"
671,84022,Investidor,joaolucasdapaz@example.com,534,"2021-06-03 14:00:00"
672,175094,Outros,brendamelo803@example.com,450,"2021-06-03 04:30:00"
673,518084,Corretor,manueladamota@example.com,113,"2021-06-03 14:30:00"
674,395106,Investidor,nicolasnunes@example.com,535,"2021-06-03 04:30:00"
675,569787,Desenvolvedor,mariajuliarodrigues8@example.com,536,"2021-06-03 22:30:00"
676,432726,Autonomo,danieldaluz@example.com,71,"2021-06-04 15:30:00"
677,84653,Analista,manuelaazevedo4@example.com,537,"2021-06-04 17:00:00"
678,328787,Outros,mariacampos2@example.com,71,"2021-06-04 15:30:00"
679,608759,Investidor,guilhermeteixeira7@example.com,538,"2021-06-04 18:00:00"
680,886475,Corretor,vitorhugopinto7@example.com,539,"2021-06-04 06:00:00"
681,194782,Corretor,marianedamota925@example.com,206,"2021-06-04 09:30:00"
682,967891,Analista,heloisapinto@example.com,383,"2021-06-04 21:00:00"
683,2957,Outros,miguelcampos11@example.com,452,"2021-06-04 16:00:00"
684,482990,Outros,analivialima9@example.com,540,"2021-06-04 01:00:00"
685,452159,Outros,sophiedaconceicao15@example.com,541,"2021-06-04 20:00:00"
686,722764,Desenvolvedor,noahcastro19@example.com,113,"2021-06-05 11:30:00"
687,792761,Outros,emanuellycavalcanti@example.com,542,"2021-06-05 07:30:00"
688,603674,Analista,anthonydacunha61@example.com,543,"2021-06-05 01:30:00"
689,373287,Outros,liviasantos0@example.com,443,"2021-06-05 09:00:00"
690,131615,Autonomo,esthermoura90@example.com,544,"2021-06-05 08:00:00"
691,354977,Investidor,emanuelsilveira@example.com,545,"2021-06-05 14:30:00"
692,480475,Outros,vitorgabrielcardoso97@example.com,546,"2021-06-05 06:30:00"
693,561329,Desenvolvedor,isadorajesus2@example.com,1,"2021-06-05 19:30:00"
694,265872,Desenvolvedor,joaoguilhermefernandes@example.com,190,"2021-06-05 14:30:00"
695,284149,Outros,isabellacostela@example.com,547,"2021-06-06 21:00:00"
696,952763,Corretor,otavioaraujo7@example.com,470,"2021-06-06 01:00:00"
697,280383,Desenvolvedor,isabellaramos1@example.com,548,"2021-06-06 19:00:00"
698,307845,Analista,fernandovieira3@example.com,488,"2021-06-06 08:30:00"
699,88902,Desenvolvedor,luizmiguelpereira4@example.com,242,"2021-06-06 19:30:00"
700,803672,Corretor,guilhermeviana7@example.com,549,"2021-06-06 11:30:00"
701,739346,Analista,heitordaconceicao6@example.com,106,"2021-06-06 16:30:00"
702,58494,Analista,daviluccarezende43@example.com,463,"2021-06-07 10:00:00"
703,685099,Corretor,sarahvieira@example.com,550,"2021-06-07 13:00:00"
704,129750,Analista,danielalopes1@example.com,444,"2021-06-07 11:00:00"
705,18443,Autonomo,cauarodrigues918@example.com,305,"2021-06-07 08:30:00"
706,361095,Outros,rodrigocardoso9@example.com,551,"2021-06-07 21:00:00"
707,677144,Analista,luizfelipenovaes8@example.com,552,"2021-06-07 09:00:00"
708,254597,Desenvolvedor,erickalmeida@example.com,243,"2021-06-08 12:00:00"
709,358041,Desenvolvedor,heitorlopes@example.com,417,"2021-06-08 07:00:00"
710,951790,Corretor,lorenapereira@example.com,553,"2021-06-08 07:00:00"
711,167425,Analista,heitorsilva@example.com,554,"2021-06-08 21:00:00"
712,264846,Investidor,lucasgabrielrezende1@example.com,555,"2021-06-08 22:30:00"
713,255791,Analista,ericksantos2@example.com,556,"2021-06-08 21:30:00"
714,881771,Analista,yasminazevedo@example.com,557,"2021-06-08 22:30:00"
715,954770,Corretor,camilamartins3@example.com,558,"2021-06-08 11:00:00"
716,543076,Investidor,lorenagomes1@example.com,559,"2021-06-08 09:00:00"
717,695012,Investidor,luizhenriquedarosa86@example.com,560,"2021-06-08 20:00:00"
718,672953,Outros,levinascimento46@example.com,561,"2021-06-09 08:00:00"
719,187157,Desenvolvedor,rafaeldaluz@example.com,562,"2021-06-09 14:30:00"
720,371630,Investidor,emanuellaaraujo3@example.com,563,"2021-06-09 21:00:00"
721,592860,Analista,emanuelsilva93@example.com,564,"2021-06-09 10:30:00"
722,200298,Outros,esthergoncalves504@example.com,206,"2021-06-09 11:30:00"
723,745368,Corretor,brenocardoso@example.com,64,"2021-06-09 04:00:00"
724,99361,Autonomo,enricodias31@example.com,75,"2021-06-09 17:30:00"
725,211702,Desenvolvedor,analuizaalmeida@example.com,486,"2021-06-09 22:30:00"
726,724577,Investidor,lorenamelo@example.com,392,"2021-06-09 18:30:00"
727,586195,Autonomo,brendapeixoto2742@example.com,293,"2021-06-09 22:00:00"
728,977625,Corretor,emillycavalcanti3@example.com,565,"2021-06-09 01:00:00"
729,945293,Analista,lucasteixeira0@example.com,566,"2021-06-09 18:30:00"
730,796518,Desenvolvedor,anasophiadarocha@example.com,567,"2021-06-09 01:00:00"
731,822251,Analista,stephanycardoso@example.com,568,"2021-06-09 14:30:00"
732,587601,Corretor,vitorhugomoraes@example.com,213,"2021-06-10 18:30:00"
733,824181,Analista,amandamonteiro69@example.com,569,"2021-06-10 04:00:00"
734,207287,Outros,joaogabrieldarocha5@example.com,331,"2021-06-10 11:00:00"
735,130357,Corretor,biancarodrigues3@example.com,570,"2021-06-10 05:00:00"
736,824268,Desenvolvedor,joaofelipevieira@example.com,571,"2021-06-10 04:00:00"
737,955805,Autonomo,gustavohenriquedacunha6@example.com,252,"2021-06-10 15:00:00"
738,821957,Outros,leticiaaragao@example.com,572,"2021-06-10 12:30:00"
739,246016,Desenvolvedor,pedroporto2@example.com,573,"2021-06-10 22:30:00"
740,458573,Corretor,matheusdacruz3@example.com,464,"2021-06-10 11:00:00"
741,878381,Desenvolvedor,anaclarasilveira@example.com,574,"2021-06-10 01:30:00"
742,972081,Analista,luccadamata@example.com,575,"2021-06-10 11:30:00"
743,93022,Outros,joaojesus63@example.com,305,"2021-06-10 09:00:00"
744,87076,Outros,erickoliveira@example.com,567,"2021-06-10 10:00:00"
745,930083,Desenvolvedor,julianaalves9@example.com,251,"2021-06-10 06:30:00"
746,558886,Analista,lorenadacosta00@example.com,576,"2021-06-11 10:30:00"
747,573979,Outros,henriquegoncalves@example.com,577,"2021-06-11 21:00:00"
748,828231,Autonomo,yasminrocha@example.com,578,"2021-06-11 07:30:00"
749,958718,Analista,thalespeixoto@example.com,384,"2021-06-11 13:30:00"
750,259942,Investidor,emanuellycampos826@example.com,579,"2021-06-11 16:00:00"
751,672941,Analista,beniciodasneves5@example.com,237,"2021-06-11 14:30:00"
752,66798,Analista,maysasouza@example.com,580,"2021-06-11 17:30:00"
753,623417,Desenvolvedor,marinamelo@example.com,581,"2021-06-11 14:30:00"
754,249669,Investidor,kevindacosta4@example.com,582,"2021-06-11 18:00:00"
755,429033,Analista,mariajuliarodrigues7@example.com,583,"2021-06-11 01:00:00"
756,247582,Analista,matheusdapaz@example.com,163,"2021-06-11 15:00:00"
757,577848,Investidor,marcelasouza@example.com,584,"2021-06-12 07:00:00"
758,29538,Investidor,luizfernandomoreira6@example.com,585,"2021-06-12 03:30:00"
759,711236,Investidor,kevinmoreira8@example.com,337,"2021-06-12 15:30:00"
760,213180,Corretor,cauefreitas@example.com,545,"2021-06-12 05:30:00"
761,469336,Outros,brenocardoso232@example.com,147,"2021-06-12 08:00:00"
762,225785,Analista,giovannabarbosa48@example.com,586,"2021-06-12 08:30:00"
763,717322,Investidor,pedrolucasdacosta@example.com,587,"2021-06-12 10:30:00"
764,579398,Corretor,beniciopires088@example.com,383,"2021-06-12 17:00:00"
765,618132,Desenvolvedor,davimelo8310@example.com,270,"2021-06-13 04:00:00"
766,662845,Analista,biancaazevedo@example.com,588,"2021-06-13 03:30:00"
767,548693,Desenvolvedor,joaoguilhermedamata2@example.com,502,"2021-06-13 08:00:00"
768,960353,Analista,otaviofarias@example.com,68,"2021-06-13 08:30:00"
769,891941,Investidor,brunocorreia3@example.com,589,"2021-06-13 11:30:00"
770,717831,Corretor,rebecagoncalves0@example.com,63,"2021-06-13 04:30:00"
771,436135,Analista,marialuizapires@example.com,590,"2021-06-13 19:00:00"
772,327437,Investidor,brenogoncalves@example.com,10,"2021-06-13 17:30:00"
773,806703,Desenvolvedor,lorenzosouza4@example.com,104,"2021-06-14 16:00:00"
774,141128,Analista,juliafarias@example.com,591,"2021-06-14 11:00:00"
775,589271,Analista,lararocha@example.com,592,"2021-06-14 19:00:00"
776,755069,Corretor,isabellacostela99@example.com,593,"2021-06-14 09:00:00"
777,97592,Analista,camiladacruz0@example.com,594,"2021-06-14 13:00:00"
778,577941,Desenvolvedor,claricealmeida4@example.com,595,"2021-06-14 11:00:00"
779,960167,Corretor,emanuellygoncalves58@example.com,596,"2021-06-14 04:30:00"
780,298110,Investidor,nicolasferreira02@example.com,587,"2021-06-15 18:00:00"
781,230265,Analista,catarinaferreira0@example.com,597,"2021-06-15 08:30:00"
782,748226,Analista,calebeviana2@example.com,60,"2021-06-15 17:00:00"
783,974097,Desenvolvedor,leviramos@example.com,182,"2021-06-15 13:30:00"
784,354652,Autonomo,lorenzopereira50@example.com,598,"2021-06-15 22:30:00"
785,286301,Analista,barbaramonteiro07@example.com,599,"2021-06-15 22:00:00"
786,335698,Corretor,igormartins@example.com,600,"2021-06-15 07:00:00"
787,956720,Analista,joaomiguelrocha@example.com,601,"2021-06-15 08:30:00"
788,139125,Analista,daniellima45@example.com,302,"2021-06-15 17:00:00"
789,99229,Desenvolvedor,lorenavieira2@example.com,435,"2021-06-16 13:30:00"
790,400814,Analista,biancadaluz14@example.com,91,"2021-06-16 06:00:00"
791,339523,Outros,camilabarros@example.com,602,"2021-06-16 17:30:00"
792,978032,Desenvolvedor,sophiemelo6@example.com,34,"2021-06-16 03:00:00"
793,726832,Analista,biancadamota@example.com,603,"2021-06-16 09:30:00"
794,331039,Analista,francisconascimento3@example.com,604,"2021-06-16 10:00:00"
795,767699,Analista,vitorviana58@example.com,605,"2021-06-16 02:30:00"
796,640047,Outros,nataliacosta7732@example.com,75,"2021-06-16 18:00:00"
797,850219,Corretor,marcelorodrigues3@example.com,606,"2021-06-16 21:00:00"
798,499047,Corretor,sophiaribeiro@example.com,99,"2021-06-16 12:30:00"
799,934900,Outros,anajuliadaconceicao@example.com,607,"2021-06-17 01:00:00"
800,913038,Desenvolvedor,paulomoreira@example.com,608,"2021-06-17 21:00:00"
801,783701,Corretor,manueladacruz@example.com,609,"2021-06-17 15:00:00"
802,828102,Desenvolvedor,luanasouza50@example.com,610,"2021-06-17 06:00:00"
803,953508,Analista,nicolasmoura2@example.com,611,"2021-06-17 22:00:00"
804,853106,Outros,carolinecorreia@example.com,612,"2021-06-18 12:00:00"
805,621458,Corretor,franciscocorreia0@example.com,613,"2021-06-18 23:00:00"
806,372378,Analista,thiagosantos@example.com,614,"2021-06-18 06:00:00"
807,391410,Corretor,mirellafarias5@example.com,548,"2021-06-18 10:30:00"
808,399847,Corretor,yagocardoso4@example.com,414,"2021-06-18 21:00:00"
809,657836,Analista,joaogabrielmendes@example.com,615,"2021-06-18 13:00:00"
810,125850,Analista,leandrodias85@example.com,616,"2021-06-18 07:00:00"
811,588415,Desenvolvedor,beatrizdarocha@example.com,586,"2021-06-18 01:30:00"
812,557094,Desenvolvedor,pedrolucascarvalho88@example.com,13,"2021-06-18 03:00:00"
813,90428,Corretor,viniciusfogaca43@example.com,617,"2021-06-18 06:30:00"
814,5561,Desenvolvedor,alexandrevieira596@example.com,344,"2021-06-18 03:00:00"
815,477187,Desenvolvedor,gabriellypereira@example.com,618,"2021-06-18 06:00:00"
816,2711,Corretor,enzoalmeida@example.com,619,"2021-06-18 09:00:00"
817,193796,Desenvolvedor,daviluizpereira0@example.com,620,"2021-06-19 05:00:00"
818,798461,Analista,leticiasales@example.com,621,"2021-06-19 18:30:00"
819,478864,Analista,laviniacosta3@example.com,114,"2021-06-19 07:00:00"
820,123285,Desenvolvedor,sophiadacunha99@example.com,622,"2021-06-19 11:30:00"
821,386848,Analista,rafaeladasneves696@example.com,623,"2021-06-19 15:30:00"
822,216958,Investidor,vitorhugoaraujo@example.com,624,"2021-06-19 18:00:00"
823,861059,Corretor,luizfernandodasneves433@example.com,253,"2021-06-19 06:00:00"
824,335777,Desenvolvedor,heitorsouza8@example.com,625,"2021-06-20 07:30:00"
825,321361,Outros,marcelosantos63@example.com,435,"2021-06-20 01:30:00"
826,142627,Desenvolvedor,nataliagoncalves1@example.com,626,"2021-06-20 10:00:00"
827,105720,Autonomo,analauramendes@example.com,627,"2021-06-20 03:00:00"
828,967519,Investidor,mariasophiapires34@example.com,628,"2021-06-20 18:30:00"
829,465281,Investidor,enricoaragao52@example.com,629,"2021-06-20 06:00:00"
830,132667,Investidor,andrecardoso06@example.com,630,"2021-06-20 11:00:00"
831,595156,Outros,valentinamelo@example.com,631,"2021-06-20 02:30:00"
832,414824,Analista,juanazevedo6@example.com,632,"2021-06-20 13:30:00"
833,152656,Analista,beniciorezende0@example.com,633,"2021-06-20 12:00:00"
834,55936,Outros,isabellyfarias@example.com,634,"2021-06-20 02:00:00"
835,564360,Investidor,sofiamendes9@example.com,635,"2021-06-20 12:00:00"
836,514236,Investidor,gabrielafreitas1@example.com,636,"2021-06-21 22:30:00"
837,850497,Corretor,murilocastro@example.com,637,"2021-06-21 10:00:00"
838,977807,Outros,juliadasneves@example.com,638,"2021-06-21 22:30:00"
839,521068,Investidor,sarahfernandes9@example.com,636,"2021-06-21 09:30:00"
840,691919,Investidor,vicentemoura026@example.com,404,"2021-06-21 01:30:00"
841,857059,Corretor,alexiavieira30@example.com,639,"2021-06-21 23:00:00"
842,84672,Investidor,mariasophiacosta@example.com,640,"2021-06-21 22:30:00"
843,584877,Analista,emillyramos@example.com,641,"2021-06-21 04:00:00"
844,592964,Desenvolvedor,mariadacosta@example.com,642,"2021-06-21 15:30:00"
845,806410,Investidor,anaclararamos3@example.com,643,"2021-06-21 18:00:00"
846,843488,Corretor,larissafarias@example.com,644,"2021-06-21 06:00:00"
847,334979,Outros,ryannascimento510@example.com,363,"2021-06-21 01:30:00"
848,932574,Investidor,otaviodarocha25@example.com,645,"2021-06-22 18:30:00"
849,369709,Investidor,isabelfarias2937@example.com,14,"2021-06-22 09:30:00"
850,591336,Desenvolvedor,gustavorodrigues7@example.com,428,"2021-06-22 16:30:00"
851,63161,Corretor,diegopeixoto@example.com,646,"2021-06-22 01:00:00"
852,183483,Analista,heitorcostela2@example.com,647,"2021-06-22 05:30:00"
853,833420,Corretor,luizgustavoviana@example.com,648,"2021-06-22 09:30:00"
854,728960,Outros,henriquegoncalves094@example.com,64,"2021-06-22 20:30:00"
855,840368,Autonomo,ryanmoraes@example.com,436,"2021-06-22 02:00:00"
856,785486,Desenvolvedor,caionascimento@example.com,649,"2021-06-23 13:30:00"
857,761580,Desenvolvedor,erickduarte@example.com,650,"2021-06-23 09:30:00"
858,421140,Corretor,anavitoriadamata8@example.com,651,"2021-06-23 19:30:00"
859,738366,Autonomo,ryanferreira6@example.com,652,"2021-06-23 12:30:00"
860,244045,Desenvolvedor,anabeatrizjesus01@example.com,600,"2021-06-23 02:00:00"
861,260448,Desenvolvedor,miguelcosta0@example.com,653,"2021-06-23 08:30:00"
862,532058,Outros,mariaclarasouza6206@example.com,186,"2021-06-23 04:00:00"
863,815831,Outros,stellamoraes14@example.com,278,"2021-06-23 22:30:00"
864,987153,Corretor,joanasantos69@example.com,654,"2021-06-23 12:00:00"
865,433874,Analista,joaopedrolopes24@example.com,94,"2021-06-24 19:00:00"
866,535978,Corretor,fernandadapaz6@example.com,655,"2021-06-24 05:00:00"
867,969105,Analista,leonardocampos86@example.com,656,"2021-06-24 20:00:00"
868,804113,Desenvolvedor,guilhermebarbosa4@example.com,569,"2021-06-24 22:30:00"
869,225200,Corretor,caionogueira4@example.com,657,"2021-06-24 19:30:00"
870,330636,Outros,gabrielacastro44150@example.com,492,"2021-06-24 17:30:00"
871,502545,Investidor,leticiadaluz1@example.com,438,"2021-06-25 16:00:00"
872,203810,Analista,marialuizaalves7@example.com,414,"2021-06-25 16:30:00"
873,998440,Corretor,theobarbosa977@example.com,658,"2021-06-25 12:00:00"
874,41383,Outros,carolinaazevedo1@example.com,531,"2021-06-25 19:30:00"
875,147191,Corretor,nataliagomes0@example.com,659,"2021-06-25 02:30:00"
876,382958,Outros,heitorfogaca@example.com,660,"2021-06-25 15:30:00"
877,310972,Analista,kevindias8@example.com,643,"2021-06-26 14:00:00"
878,557713,Outros,mariavitoriamartins@example.com,496,"2021-06-26 05:00:00"
879,346456,Desenvolvedor,paulosilveira@example.com,539,"2021-06-26 09:00:00"
880,327736,Investidor,mariarocha8355@example.com,562,"2021-06-26 12:30:00"
881,376330,Desenvolvedor,bryanmoreira54@example.com,270,"2021-06-26 11:00:00"
882,667189,Investidor,heitorfogaca8@example.com,661,"2021-06-26 15:30:00"
883,427443,Analista,sophiagoncalves33@example.com,212,"2021-06-26 11:00:00"
884,387682,Desenvolvedor,gabriellynunes@example.com,473,"2021-06-26 18:30:00"
885,670762,Analista,lucasgabrieldacunha2@example.com,662,"2021-06-26 19:00:00"
886,966632,Corretor,catarinamonteiro@example.com,455,"2021-06-26 05:30:00"
887,332483,Autonomo,bernardodaluz452@example.com,96,"2021-06-26 09:30:00"
888,376232,Corretor,barbaracampos@example.com,663,"2021-06-27 16:30:00"
889,146866,Investidor,pedrolucasvieira2@example.com,664,"2021-06-27 20:00:00"
890,746905,Corretor,emanuelnovaes5@example.com,96,"2021-06-27 20:00:00"
891,814288,Analista,rafaelajesus@example.com,665,"2021-06-27 16:00:00"
892,867035,Corretor,alexandrebarros@example.com,666,"2021-06-27 18:30:00"
893,167069,Analista,sophiesales@example.com,667,"2021-06-27 02:00:00"
894,41464,Corretor,davigoncalves31@example.com,668,"2021-06-27 08:30:00"
895,827448,Corretor,maysaalmeida@example.com,669,"2021-06-27 03:00:00"
896,240881,Outros,anacarolinamoura923@example.com,670,"2021-06-27 10:00:00"
897,727440,Outros,catarinacastro34@example.com,411,"2021-06-28 09:00:00"
898,714207,Desenvolvedor,alexiasilveira37@example.com,20,"2021-06-28 14:00:00"
899,94878,Analista,gustavohenriqueribeiro@example.com,600,"2021-06-28 06:30:00"
900,515398,Desenvolvedor,brunomoreira@example.com,85,"2021-06-28 03:30:00"
901,233910,Investidor,sophiecardoso@example.com,671,"2021-06-28 12:30:00"
902,801497,Autonomo,enricocardoso4@example.com,112,"2021-06-28 11:30:00"
903,941219,Investidor,analiviacaldeira@example.com,672,"2021-06-28 06:00:00"
904,436420,Corretor,mirellacosta@example.com,563,"2021-06-28 05:00:00"
905,744213,Corretor,isabellacorreia4@example.com,673,"2021-06-28 14:00:00"
906,299580,Outros,nicolasmoraes@example.com,674,"2021-06-29 19:30:00"
907,92384,Desenvolvedor,juliapeixoto9@example.com,675,"2021-06-29 10:00:00"
908,690705,Desenvolvedor,isaaclima5@example.com,396,"2021-06-29 03:00:00"
909,143451,Analista,leonardoaraujo@example.com,564,"2021-06-29 20:30:00"
910,528698,Autonomo,erickduarte1@example.com,676,"2021-06-29 05:30:00"
911,49263,Desenvolvedor,anabeatrizcardoso@example.com,677,"2021-06-29 09:00:00"
912,406751,Desenvolvedor,nathancarvalho@example.com,678,"2021-06-29 07:30:00"
913,773230,Desenvolvedor,erickjesus@example.com,679,"2021-06-29 01:30:00"
914,984920,Desenvolvedor,mariasophiagomes@example.com,598,"2021-06-29 17:00:00"
915,286453,Analista,joaoguilhermenovaes@example.com,680,"2021-06-29 02:30:00"
916,868876,Corretor,liviasales8@example.com,147,"2021-06-29 01:00:00"
917,688586,Corretor,mariavitoriamoreira63@example.com,224,"2021-06-29 14:00:00"
918,614387,Corretor,davilucasgomes@example.com,681,"2021-06-29 16:00:00"
919,416254,Corretor,joaogabriellopes2@example.com,682,"2021-06-30 12:30:00"
920,573619,Corretor,luizotaviocarvalho@example.com,63,"2021-06-30 18:00:00"
921,389162,Analista,nathanpires4@example.com,683,"2021-06-30 08:00:00"
922,812459,Outros,luccasales@example.com,684,"2021-06-30 05:30:00"
923,705784,Corretor,luizotavioalmeida187@example.com,333,"2021-06-30 18:00:00"
924,459487,Investidor,luizfernandofogaca6@example.com,685,"2021-06-30 08:00:00"
925,774226,Desenvolvedor,nataliaalves@example.com,686,"2021-06-30 09:00:00"
926,450968,Corretor,marcosviniciusjesus@example.com,225,"2021-06-30 06:30:00"
927,205334,Desenvolvedor,anarocha@example.com,687,"2021-06-30 13:00:00"
928,301627,Analista,daviluizsouza@example.com,688,"2021-06-30 16:00:00"
929,63698,Investidor,laisgoncalves@example.com,689,"2021-07-01 10:30:00"
930,564285,Outros,anajuliadacosta947@example.com,327,"2021-07-01 07:00:00"
931,792969,Corretor,theomelo4@example.com,690,"2021-07-01 06:00:00"
932,390600,Analista,vitorcorreia@example.com,691,"2021-07-01 10:00:00"
933,272259,Investidor,lauradacruz@example.com,609,"2021-07-01 09:30:00"
934,280617,Desenvolvedor,daviluccacavalcanti6@example.com,692,"2021-07-01 19:30:00"
935,43657,Corretor,caleberocha7@example.com,661,"2021-07-01 14:00:00"
936,284457,Analista,mariaalicesantos13@example.com,693,"2021-07-01 03:00:00"
937,720588,Desenvolvedor,marcosviniciusazevedo@example.com,694,"2021-07-01 10:00:00"
938,483609,Analista,kamillygoncalves09@example.com,156,"2021-07-01 08:00:00"
939,598480,Corretor,gustavocunha3@example.com,695,"2021-07-02 08:30:00"
940,901252,Analista,felipepeixoto7@example.com,50,"2021-07-02 20:30:00"
941,365404,Corretor,luccacavalcanti@example.com,696,"2021-07-02 14:30:00"
942,940393,Corretor,marianamendes@example.com,697,"2021-07-02 16:00:00"
943,23390,Desenvolvedor,luizfernandodacosta4@example.com,320,"2021-07-02 22:30:00"
944,634605,Corretor,laviniagomes@example.com,698,"2021-07-02 19:30:00"
945,858369,Analista,anasophiafogaca@example.com,631,"2021-07-02 11:30:00"
946,753807,Investidor,mariasophianogueira93@example.com,593,"2021-07-02 02:30:00"
947,627633,Desenvolvedor,fernandadarosa@example.com,265,"2021-07-02 19:30:00"
948,247851,Desenvolvedor,oliviamoura8@example.com,331,"2021-07-02 10:30:00"
949,126449,Outros,anasophiadapaz@example.com,699,"2021-07-02 20:00:00"
950,346124,Corretor,thomasoliveira7@example.com,700,"2021-07-02 20:30:00"
951,966926,Analista,luizmigueldapaz3@example.com,701,"2021-07-02 22:30:00"
952,97762,Corretor,liviadias@example.com,702,"2021-07-03 14:30:00"
953,700252,Outros,lucasgomes9180@example.com,703,"2021-07-03 02:00:00"
954,612333,Corretor,sophiedacunha@example.com,284,"2021-07-03 04:00:00"
955,13632,Desenvolvedor,carolinepires@example.com,704,"2021-07-03 17:00:00"
956,733497,Analista,pedromoraes9@example.com,110,"2021-07-03 04:30:00"
957,977371,Corretor,joaogabrielalves00@example.com,705,"2021-07-03 09:30:00"
958,819440,Outros,sophiemelo2@example.com,706,"2021-07-03 14:00:00"
959,530893,Investidor,pedrodaconceicao888@example.com,707,"2021-07-03 07:30:00"
960,666389,Corretor,enzonascimento@example.com,78,"2021-07-03 11:00:00"
961,379735,Autonomo,luizfelipepires471@example.com,708,"2021-07-04 09:30:00"
962,673774,Analista,brunoribeiro5@example.com,709,"2021-07-04 06:00:00"
963,155856,Analista,thiagopires2@example.com,518,"2021-07-04 17:30:00"
964,146942,Desenvolvedor,marialuizacostela6@example.com,598,"2021-07-04 06:30:00"
965,940771,Analista,manuelaferreira@example.com,279,"2021-07-04 19:30:00"
966,444748,Desenvolvedor,yagodacosta@example.com,89,"2021-07-04 19:00:00"
967,590632,Corretor,benjaminsilva@example.com,710,"2021-07-04 14:30:00"
968,784329,Corretor,alanadarocha@example.com,358,"2021-07-05 17:30:00"
969,243417,Outros,brenolopes253@example.com,711,"2021-07-05 22:00:00"
970,6635,Autonomo,emanuellaalmeida28@example.com,712,"2021-07-05 21:30:00"
971,946477,Outros,rafaeloliveira72@example.com,713,"2021-07-05 01:00:00"
972,967003,Investidor,levidamata@example.com,714,"2021-07-05 04:30:00"
973,444515,Autonomo,carolinacunha1@example.com,479,"2021-07-05 23:00:00"
974,335776,Analista,vitorgabrielmonteiro@example.com,277,"2021-07-05 16:00:00"
975,821136,Autonomo,anabeatrizalmeida@example.com,715,"2021-07-05 10:00:00"
976,416085,Desenvolvedor,mariajuliafogaca@example.com,557,"2021-07-05 07:30:00"
977,970090,Desenvolvedor,bryancosta21@example.com,468,"2021-07-05 11:00:00"
978,905598,Autonomo,brunacavalcanti@example.com,716,"2021-07-05 01:30:00"
979,886210,Desenvolvedor,raquelvieira5@example.com,420,"2021-07-06 14:00:00"
980,133188,Analista,emanueldacunha3@example.com,147,"2021-07-06 21:00:00"
981,987627,Analista,rebecadacruz@example.com,717,"2021-07-06 12:30:00"
982,314193,Outros,pedromigueldacruz27@example.com,718,"2021-07-06 14:00:00"
983,349719,Outros,enzodapaz198@example.com,719,"2021-07-06 04:00:00"
984,857938,Corretor,caiorocha0@example.com,147,"2021-07-06 22:00:00"
985,239758,Autonomo,fernandacampos@example.com,541,"2021-07-06 15:30:00"
986,984115,Outros,emanuellaviana@example.com,720,"2021-07-06 18:30:00"
987,453158,Analista,luizotavioaraujo8@example.com,217,"2021-07-06 16:30:00"
988,677825,Outros,ceciliacarvalho17@example.com,721,"2021-07-06 05:00:00"
989,270682,Desenvolvedor,renandapaz1@example.com,722,"2021-07-07 23:00:00"
990,478089,Outros,luanamoura5221@example.com,723,"2021-07-07 01:00:00"
991,676225,Desenvolvedor,igorcosta@example.com,724,"2021-07-07 17:00:00"
992,807641,Outros,sofianogueira9@example.com,700,"2021-07-07 03:30:00"
993,871229,Outros,pietroalmeida0@example.com,725,"2021-07-07 14:00:00"
994,583343,Analista,davibarros2@example.com,726,"2021-07-07 11:00:00"
995,16937,Desenvolvedor,raulcosta4@example.com,727,"2021-07-07 13:30:00"
996,260975,Analista,carloseduardodamota87@example.com,728,"2021-07-07 18:00:00"
997,538275,Investidor,enriconogueira50@example.com,729,"2021-07-07 17:00:00"
998,108629,Outros,joaogabrielfarias@example.com,567,"2021-07-07 11:00:00"
999,379782,Outros,luccacavalcanti2@example.com,730,"2021-07-07 02:00:00"
1000,257040,Desenvolvedor,evelyncaldeira5@example.com,52,"2021-07-07 07:30:00"
1001,944165,Autonomo,anabeatrizlopes65@example.com,731,"2021-07-07 03:00:00"
1002,730452,Analista,enriconogueira07@example.com,732,"2021-07-07 15:00:00"
1003,93508,Investidor,joaovitorpires57@example.com,440,"2021-07-07 07:00:00"
1004,220265,Investidor,ceciliadarosa@example.com,733,"2021-07-07 19:30:00"
1005,451485,Desenvolvedor,henriquedias2@example.com,498,"2021-07-07 05:00:00"
1006,757584,Desenvolvedor,lucasmoreira86@example.com,734,"2021-07-08 02:00:00"
1007,700993,Corretor,kevincastro@example.com,648,"2021-07-08 19:30:00"
1008,414249,Outros,alanamendes@example.com,109,"2021-07-08 22:30:00"
1009,81888,Outros,nataliafreitas@example.com,453,"2021-07-08 09:30:00"
1010,947006,Investidor,sofiaaraujo0@example.com,86,"2021-07-08 15:00:00"
1011,354382,Corretor,heitordacruz2332@example.com,735,"2021-07-08 02:30:00"
1012,654870,Outros,raulcastro4@example.com,736,"2021-07-08 11:30:00"
1013,909353,Desenvolvedor,mariaceciliasouza18@example.com,737,"2021-07-08 03:30:00"
1014,897231,Investidor,joaolucasdamata196@example.com,738,"2021-07-08 10:30:00"
1015,370668,Desenvolvedor,beatrizmoreira17@example.com,739,"2021-07-09 03:30:00"
1016,781187,Investidor,joaovitornovaes8@example.com,740,"2021-07-09 21:30:00"
1017,26258,Investidor,marceloaragao@example.com,234,"2021-07-09 08:30:00"
1018,697181,Outros,luananogueira7@example.com,741,"2021-07-09 22:30:00"
1019,960579,Analista,raqueljesus39@example.com,742,"2021-07-09 16:30:00"
1020,255805,Desenvolvedor,thalescavalcanti@example.com,438,"2021-07-09 01:30:00"
1021,477388,Desenvolvedor,analiviadarosa@example.com,743,"2021-07-09 13:00:00"
1022,708258,Outros,carloseduardoribeiro@example.com,744,"2021-07-10 03:30:00"
1023,766423,Desenvolvedor,mariasophiamelo@example.com,444,"2021-07-10 16:30:00"
1024,741807,Corretor,pietrasouza029@example.com,557,"2021-07-10 12:00:00"
1025,385922,Analista,evelynviana3@example.com,745,"2021-07-10 03:30:00"
1026,37393,Investidor,anaclaraporto9@example.com,505,"2021-07-10 04:30:00"
1027,714025,Corretor,miguelribeiro3@example.com,746,"2021-07-10 15:00:00"
1028,708615,Corretor,mariaeduardadarocha@example.com,747,"2021-07-10 21:30:00"
1029,418641,Corretor,heitordaluz@example.com,12,"2021-07-10 02:00:00"
